INSERT INTO USER (ID, USERNAME, PASSWORD, AUTH_GROUP) VALUES (1, 'admin', 'password', 'ROLE_ADMIN');

INSERT INTO USER (ID, USERNAME, PASSWORD, AUTH_GROUP) VALUES (2, 'janeDoe', 'password', 'ROLE_EMPLOYEE');
INSERT INTO USER (ID, USERNAME, PASSWORD, AUTH_GROUP) VALUES (3, 'timSmith', 'password', 'ROLE_EMPLOYEE');
INSERT INTO USER (ID, USERNAME, PASSWORD, AUTH_GROUP) VALUES (4, 'robertLin', 'password', 'ROLE_EMPLOYEE');
INSERT INTO USER (ID, USERNAME, PASSWORD, AUTH_GROUP) VALUES (5, 'jesseFrost', 'password', 'ROLE_EMPLOYEE');
INSERT INTO USER (ID, USERNAME, PASSWORD, AUTH_GROUP) VALUES (6, 'helenPost', 'password', 'ROLE_EMPLOYEE');

INSERT INTO USER (ID, USERNAME, PASSWORD, AUTH_GROUP) VALUES (7, 'billNewer', 'password', 'ROLE_CUSTOMER');
INSERT INTO USER (ID, USERNAME, PASSWORD, AUTH_GROUP) VALUES (8, 'billyFreeman', 'password', 'ROLE_CUSTOMER');
INSERT INTO USER (ID, USERNAME, PASSWORD, AUTH_GROUP) VALUES (9, 'anaTowers', 'password', 'ROLE_CUSTOMER');
INSERT INTO USER (ID, USERNAME, PASSWORD, AUTH_GROUP) VALUES (10, 'georgiaGreen', 'password', 'ROLE_CUSTOMER');
INSERT INTO USER (ID, USERNAME, PASSWORD, AUTH_GROUP) VALUES (11, 'andrewMason', 'password', 'ROLE_CUSTOMER');

INSERT INTO EMPLOYEE_DETAILS (ID, USERNAME, NAME) VALUES (1, 'janeDoe', 'Jane Doe');
INSERT INTO EMPLOYEE_DETAILS (ID, USERNAME, NAME) VALUES (2, 'timSmith', 'Tim Smith');
INSERT INTO EMPLOYEE_DETAILS (ID, USERNAME, NAME) VALUES (3, 'robertLin', 'Robert Lin');
INSERT INTO EMPLOYEE_DETAILS (ID, USERNAME, NAME) VALUES (4, 'jesseFrost', 'Jesse Frost');
INSERT INTO EMPLOYEE_DETAILS (ID, USERNAME, NAME) VALUES (5, 'helenPost', 'Helen Post');

INSERT INTO CUSTOMER_DETAILS (ID, USERNAME, NAME, ADDRESS, PHONE_NUMBER) VALUES (1, 'billNewer', 'Bill Newer', '1 Victoria Street', '0412345678');
INSERT INTO CUSTOMER_DETAILS (ID, USERNAME, NAME, ADDRESS, PHONE_NUMBER) VALUES (2, 'billyFreeman', 'Billy Freeman', '17 Susex Street', '0423456781');
INSERT INTO CUSTOMER_DETAILS (ID, USERNAME, NAME, ADDRESS, PHONE_NUMBER) VALUES (3, 'anaTowers', 'Ana Towers', '80 Bridge Street', '0434567812');
INSERT INTO CUSTOMER_DETAILS (ID, USERNAME, NAME, ADDRESS, PHONE_NUMBER) VALUES (4, 'georgiaGreen', 'Georgia Green', '2 Anzac Court', '0445678123');
INSERT INTO CUSTOMER_DETAILS (ID, USERNAME, NAME, ADDRESS, PHONE_NUMBER) VALUES (5, 'andrewMason', 'Andrew Mason', '73 South Street', '0456781234');

INSERT INTO EMPLOYEE_DETAILS_AVAILABILITY (EMPLOYEE_DETAILS_ID, AVAILABILITY) VALUES (1, 0);
INSERT INTO EMPLOYEE_DETAILS_AVAILABILITY (EMPLOYEE_DETAILS_ID, AVAILABILITY) VALUES (1, 2);
INSERT INTO EMPLOYEE_DETAILS_AVAILABILITY (EMPLOYEE_DETAILS_ID, AVAILABILITY) VALUES (1, 3);
INSERT INTO EMPLOYEE_DETAILS_AVAILABILITY (EMPLOYEE_DETAILS_ID, AVAILABILITY) VALUES (2, 0);
INSERT INTO EMPLOYEE_DETAILS_AVAILABILITY (EMPLOYEE_DETAILS_ID, AVAILABILITY) VALUES (2, 1);
INSERT INTO EMPLOYEE_DETAILS_AVAILABILITY (EMPLOYEE_DETAILS_ID, AVAILABILITY) VALUES (2, 3);
INSERT INTO EMPLOYEE_DETAILS_AVAILABILITY (EMPLOYEE_DETAILS_ID, AVAILABILITY) VALUES (2, 4);
INSERT INTO EMPLOYEE_DETAILS_AVAILABILITY (EMPLOYEE_DETAILS_ID, AVAILABILITY) VALUES (3, 4);
INSERT INTO EMPLOYEE_DETAILS_AVAILABILITY (EMPLOYEE_DETAILS_ID, AVAILABILITY) VALUES (3, 5);
INSERT INTO EMPLOYEE_DETAILS_AVAILABILITY (EMPLOYEE_DETAILS_ID, AVAILABILITY) VALUES (3, 6);
INSERT INTO EMPLOYEE_DETAILS_AVAILABILITY (EMPLOYEE_DETAILS_ID, AVAILABILITY) VALUES (4, 2);
INSERT INTO EMPLOYEE_DETAILS_AVAILABILITY (EMPLOYEE_DETAILS_ID, AVAILABILITY) VALUES (4, 3);
INSERT INTO EMPLOYEE_DETAILS_AVAILABILITY (EMPLOYEE_DETAILS_ID, AVAILABILITY) VALUES (4, 6);
INSERT INTO EMPLOYEE_DETAILS_AVAILABILITY (EMPLOYEE_DETAILS_ID, AVAILABILITY) VALUES (5, 0);
INSERT INTO EMPLOYEE_DETAILS_AVAILABILITY (EMPLOYEE_DETAILS_ID, AVAILABILITY) VALUES (5, 4);
INSERT INTO EMPLOYEE_DETAILS_AVAILABILITY (EMPLOYEE_DETAILS_ID, AVAILABILITY) VALUES (5, 5);

INSERT INTO EMPLOYEE_DETAILS_SERVICE_IDS (EMPLOYEE_DETAILS_ID, SERVICE_IDS) VALUES (1,4);
INSERT INTO EMPLOYEE_DETAILS_SERVICE_IDS (EMPLOYEE_DETAILS_ID, SERVICE_IDS) VALUES (1,5);
INSERT INTO EMPLOYEE_DETAILS_SERVICE_IDS (EMPLOYEE_DETAILS_ID, SERVICE_IDS) VALUES (2,3);
INSERT INTO EMPLOYEE_DETAILS_SERVICE_IDS (EMPLOYEE_DETAILS_ID, SERVICE_IDS) VALUES (2,5);
INSERT INTO EMPLOYEE_DETAILS_SERVICE_IDS (EMPLOYEE_DETAILS_ID, SERVICE_IDS) VALUES (3,1);
INSERT INTO EMPLOYEE_DETAILS_SERVICE_IDS (EMPLOYEE_DETAILS_ID, SERVICE_IDS) VALUES (3,2);
INSERT INTO EMPLOYEE_DETAILS_SERVICE_IDS (EMPLOYEE_DETAILS_ID, SERVICE_IDS) VALUES (4,5);
INSERT INTO EMPLOYEE_DETAILS_SERVICE_IDS (EMPLOYEE_DETAILS_ID, SERVICE_IDS) VALUES (4,5);
INSERT INTO EMPLOYEE_DETAILS_SERVICE_IDS (EMPLOYEE_DETAILS_ID, SERVICE_IDS) VALUES (5,3);
INSERT INTO EMPLOYEE_DETAILS_SERVICE_IDS (EMPLOYEE_DETAILS_ID, SERVICE_IDS) VALUES (5,1);
INSERT INTO EMPLOYEE_DETAILS_SERVICE_IDS (EMPLOYEE_DETAILS_ID, SERVICE_IDS) VALUES (5,2);

INSERT INTO PAID_SERVICE (ID, DESCRIPTION, NAME) VALUES (1, 'Service_1 Description', 'Service_1 Name');
INSERT INTO PAID_SERVICE (ID, DESCRIPTION, NAME) VALUES (2, 'Service_2 Description', 'Service_2 Name');
INSERT INTO PAID_SERVICE (ID, DESCRIPTION, NAME) VALUES (3, 'Service_3 Description', 'Service_3 Name');
INSERT INTO PAID_SERVICE (ID, DESCRIPTION, NAME) VALUES (4, 'Service_4 Description', 'Service_4 Name');
INSERT INTO PAID_SERVICE (ID, DESCRIPTION, NAME) VALUES (5, 'Service_5 Description', 'Service_5 Name');






